cost_bps,annual_return,sharpe
0,0.025383522538160695,0.12063634544840042
5,0.01978512683646934,0.09403659709420535
10,0.014186731134778025,0.06743265581789194
25,-0.0026084559702959386,-0.012400793270578515
